Stocks,Previous Optimized Max Sharpe,New Optimized Max Sharpe (with bounds),Previous Optimized Min Volatility,New Optimized Min Volatility (with bounds)
HDFCBANK.NS,0.0,0.12741635625359882,0.23711064247421954,0.24337317415607543
ICICIBANK.NS,0.680755298396928,0.2999999999999999,0.1563626046347903,0.15624703291863976
INFY.NS,0.27151008151238987,0.3,0.0600468832813104,0.0908702910307931
RELIANCE.NS,0.047734620090682106,0.2067991734271438,0.19745993506448714,0.20950950189449177
TCS.NS,2.24925423414652e-18,0.06578447031925735,0.34901993454519276,0.3
