,HDFCBANK.NS,ICICIBANK.NS,INFY.NS,RELIANCE.NS,TCS.NS
HDFCBANK.NS,0.053002109832087585,0.03175075396384705,0.014150068137878705,0.019203667321925497,0.010385005083365364
ICICIBANK.NS,0.03175075396384705,0.06366062813421036,0.015485181484960545,0.01984097496195604,0.009938902118474298
INFY.NS,0.014150068137878705,0.015485181484960545,0.06352186662254265,0.015260593326520355,0.03783279891610049
RELIANCE.NS,0.019203667321925497,0.01984097496195604,0.015260593326520355,0.06096299443362208,0.01469033629591273
TCS.NS,0.010385005083365364,0.009938902118474298,0.03783279891610049,0.01469033629591273,0.0475031699767868
