Stock,Max Sharpe Weight,Min Volatility Weight
HDFCBANK.NS,0.0008213196409757153,0.23246457066676485
ICICIBANK.NS,0.6596650439937083,0.17432343680857837
INFY.NS,0.17225795799760651,0.060753547426857395
RELIANCE.NS,0.15549267610787568,0.1829427890657208
TCS.NS,0.0117630022598338,0.34951565603207846
