Portfolio Type,Return,Volatility,Sharpe Ratio
Max Sharpe,0.2778542656379158,0.1996991129592533,1.0909125354120472
Min Volatility,0.18886288717873229,0.16062306414470584,0.8022688887483761
Equal Weights,0.2030258049449709,0.16318423112802663,0.8764682957188408
