Stocks,Max Sharpe Weights,Min Volatility Weights
HDFCBANK.NS,0.12741635625359882,0.24232834017189936
ICICIBANK.NS,0.2999999999999999,0.15754613540892334
INFY.NS,0.3,0.09243799918643753
RELIANCE.NS,0.2067991734271438,0.20768752523273987
TCS.NS,0.06578447031925735,0.3
