Alpha,Sharpe Ratio,Turnover
0,0.973576005889764,0.002215406180500845
1,0.9735573580398963,0.0021767748013406213
5,0.9731223047643065,0.002028529806322594
10,0.9729720671112684,0.0020000000000000005
20,0.9618344714150403,0.0012865492627212468
50,0.9555851991800314,0.0010000031617330778
60,0.9555853815447065,0.0010000045556603553
100,0.8764686731518112,6.591819129708742e-09
