Alpha,HDFCBANK.NS,ICICIBANK.NS,INFY.NS,RELIANCE.NS,TCS.NS
α=0,0.10000000000000017,0.29999999999999977,0.3,0.22154061805008474,0.07845938194991532
α=1,0.09999999999999994,0.2999999999999999,0.3,0.21767748013406227,0.08232251986593794
α=5,0.10000000000000007,0.29999999999999993,0.3,0.20285298063225948,0.09714701936774053
α=10,0.09999999999999992,0.3,0.3,0.19999999999999998,0.10000000000000003
α=20,0.10000000000000003,0.3,0.22865492627212466,0.1999999999999999,0.1713450737278754
α=50,0.0999999999999999,0.2999999999999999,0.19999968382669234,0.19999999999999998,0.20000031617330785
α=60,0.10000000000000012,0.2999999999999998,0.2000004555660357,0.19999999999999998,0.19999954443396442
α=100,0.19999967246803843,0.2000003275319616,0.2000003275319616,0.20000000411798982,0.19999966835004862
