Stocks,Max Sharpe Weights,Min Volatility Weights
HDFCBANK.NS,0.12741635625359882,0.24337317415607543
ICICIBANK.NS,0.2999999999999999,0.15624703291863976
INFY.NS,0.3,0.0908702910307931
RELIANCE.NS,0.2067991734271438,0.20950950189449177
TCS.NS,0.06578447031925735,0.3
